name,challenge,code,zone,latitude,longitude,points
Ice Hiriketiya,"Want to cool off and test your limits? Here’s the chance for 1 of your team members to get a free ice bath at Ice Hiriketiya (more can pay to join)! Get into the ice bath, going all the way down to your neck to hide from Makara. Stay in for 1 full minute while keeping calm and collected (or at least try). Record the first 20 seconds of the teammate entering and submerging to upload for some ice cold gems! This is a new location and is inside Surf Homestay. Open 12:30 - 17:30 daily.",1184,Kaliya - Zone 3,5.96150070,80.70999402,5
Madunagala Hot Springs,"At Madunagala Hot Springs, where warm waters bubble from the earth, recall Kaliya, the serpent defeated by Lord Krishna in the Yamuna River. As the springs soothe, imagine the waters as the very spots where Kaliya once resided, before being tamed. Perhaps even the Naga kings from the Mahāvaṃsa sought solace here. Capture a serene moment, where Kaliya's tempestuous past meets the tranquility of these sacred springs",3001,Kaliya - Zone 3,6.25363000,80.98171000,5
Madunagala Temple,"Take a photo of the temple. Be careful of the monkeys, they will ravage your tuktuk of all its supplies.",3002,Kaliya - Zone 3,6.24620100,81.00383000,3
Mahinda Rajapaksa International Cricket Stadium,"In the vast expanse of Mahinda Rajapaksa International Cricket Stadium, imagine the grounds as the battleground where Lord Krishna danced upon Kaliya, taming the serpent's venomous fury. As cricket battles unfold here, so did ancient tussles in our myths. Stand in the stadium's heart, channeling the energy of legendary confrontations. Take a photo capturing this essence, but remember to seek permission first.",3003,Kaliya - Zone 3,6.35360100,81.02687000,8
Mirijjawila Botanical Garden,"Stroll through the lush expanse of Mirijjawila Botanical Garden, where nature's wonders bloom. Envision the garden as Kaliya's refuge after his duel with Lord Krishna. Amidst the flora, find the iconic dome, a symbol of nature's crown. Channel Kaliya's essence and the serenity of the Ramayana's tales. Stand within the dome's embrace and capture a moment where mythology and nature intertwine.",3004,Kaliya - Zone 3,6.14781500,81.07266000,2
Birds,Chill out at the Bird Research Centre and Resort and take a selfie with your favorite bird.,3005,Kaliya - Zone 3,6.13799500,81.10914000,2
Hot Springs,Go swimming in the hot springs.,3006,Kaliya - Zone 3,6.14635800,81.11189000,2
Mattala Rajapaksa International Airport,What is this airport internationally known for? Take a picture at the airport.,3007,Kaliya - Zone 3,6.29192000,81.12091000,8
Game Warden,Find the tombstone of the first Game Warden of Yala National Park. Take a picture at the tombstone with the name clearly visible.,3008,Kaliya - Zone 3,6.12727100,81.12613000,4
Martello Tower,Take a picture of the long staircase you have to climb ;),3009,Kaliya - Zone 3,6.12200700,81.12683000,2
Habanthota Lighthouse,"Perched on the rugged coastline of Hambantota, the Hambantota Lighthouse stands tall, guiding ships safely through the tumultuous waters of the Indian Ocean. Built in 1875, this iconic structure has weathered storms, witnessed countless sunsets, and served as a beacon of hope for sailors navigating these treacherous seas.

Take a picture in which you look taller than the lighthouse",3010,Kaliya - Zone 3,6.12202000,81.12721000,2
Thanamalvila,"Take a photo of the goods this place is famous for (without buying them). Look around the town, not just this location dot.",3011,Kaliya - Zone 3,6.43847100,81.12991000,5
Yahangala Archaeological Ruins,"Some steps are wasting away due to the elements. From the summit of the Yahangala, one is able to have an aerial view of the whole landscape. On its western flank is vast blue ocean, while on its southwestern side lies Malala lagoon. Badagiriya, the other ruined dagoba lies on twin rock outcrops having two separate dagobas, which are also visible. On the far eastern side looms the profiles of the sacred mountains of Kataragama.",3012,Kaliya - Zone 3,6.21883400,81.16552000,4
Lunugamvehera National Park,Entrance fee: USD 18,3013,Kaliya - Zone 3,6.44358900,81.17523000,10
Lunugamwehera Gate,Take a photo of the sluice gates on the dam!,3014,Kaliya - Zone 3,6.35310500,81.20241000,4
Lunugamwehera,Walk out to the walkway that connects this building to the reservoir wall. Take a photo there with the building and the scenery in the background.,3015,Kaliya - Zone 3,6.36681400,81.22916000,6
Tissamaharama Stupa,Compare the Sandagiri Stupa with the Tissamahara Stupa.,3017,Kaliya - Zone 3,6.27971300,81.29144000,5
Sandagiri Stupa,Sandagirigodella is an recently conserved site belonging to the the Sandagiri Monastic Complex. This area consist of 2 ancient buildings. The conservation of the image house building has been completed. A beatifully carved Buddha statue about 6 feet in height carved out of rock what looks like marble can be seen at the center building. The statue is remarkably well preserved other than for a broken hand.,3018,Kaliya - Zone 3,6.28075600,81.29507000,2
Elephant Spotting,It's common to spot an elephant when driving on this road. Take a photo of it! Note: beware these are still wild animals and can devour a tuktuk easily. ,3019,Kaliya - Zone 3,6.52307100,81.30913000,12
Cinema village,"Explore the cinema village and find the bus! (Note: If there is no bus we will still give gems, but if there is a bus you must find it!)",3020,Kaliya - Zone 3,6.32949300,81.31896000,11
Ruhunu Maha Kataragama Dewalaya,Explore the temple complex and the Elephant park. Don't ride the Elephants.,3021,Kaliya - Zone 3,6.41850700,81.33328000,6
Kirinda Temple,Fantastic view from this temple.,3022,Kaliya - Zone 3,6.21324500,81.33534000,3
Wedasiti Kanda Viharaya,Get a panoramic photo of the view at the top of the temple.,3023,Kaliya - Zone 3,6.38685300,81.33601000,6
Yala National Park,Go on a safari and share a foto with one of the animals!,3024,Kaliya - Zone 3,6.39701900,81.52388000,10
Kumana National Park,"Abutting the larger Yala National Park, Kumana national Park was in fact called Yala-East National Park until its name changed in 2006. As well as significant flora and fauna in the park, it has a long and ancient history which can be seen by some of the inscriptions on rocks in the park.",3025,Kaliya - Zone 3,6.57296000,81.66925000,10
"Kudumbigala Monastery, Arugambay",Kudumbigala is a the magnificent monastery of the Digamadulla.,3026,Kaliya - Zone 3,6.64796700,81.72400000,3
Okanda Murugan Temple,Okanda Devalaya is believed to be the place where God Skanda first sailed into Sri Lanka on a golden boat.,3027,Kaliya - Zone 3,6.63125100,81.76669000,4
Okanda Beach,"Located 28kms from Argram Bay is Okanda Beach which is popular with surfers and has three start points, one for each level of competency. Although the beach is known for its sand and surf, the local area is also known for its wild elephants and leopards.",3028,Kaliya - Zone 3,6.62794000,81.77082000,3
Magul Maha Viharaya,"Magul Maha Viharaya is the place where history was made when the daughter of King Kelanitissa, the ruler of the Kelaniya kingdom married the King of Rohana, King Kavantissa, which unified the southern parts of Sri Lanka in the Second Century BC.<br>Built to celebrate this union which was to change the face of Sri Lankan history forever, Magul Maha Viharaya hosts many characteristics not found in many a temple.",3029,Kaliya - Zone 3,6.86732100,81.73664100,2
Thanthamalai Sri Murugan Temple,"Thanthamalai Sri Murugan Temple is one of the most famous rock temple in Sri Lanka. Thanthamalai Sri Murugan Temple is believed to be the location God Murugan or Skanda, who is Jung sun of God Siva & Parvathi, first sailed into Sri Lanka from India in a golden boat right after finishing the war with Asuran (a demon) who was harming the Davas (a deity)",3030,Kaliya - Zone 3,6.64989000,81.77257000,3
Get the Shot!,Take a picture.,3031,Kaliya - Zone 3,6.80423000,81.81635000,2
Crocodile Rock Ancient Viharaya,"Sing the Crocodile Rock chorus by Elton John! 

Well Crocodile Rocking is something shocking
When your feet just can't keep still
I never knew me a better time and I guess I never will
Oh Lawdy mama those Friday nights
When Suzie wore her dresses tight
And the Crocodile Rocking was out of sight
La lalalala la lalalala la lalalala la",3032,Kaliya - Zone 3,6.80982400,81.82412000,6
Dome houses,"The dome-shaped houses in Pottuvil, which were built as a settlement for those affected by the tsunami, are proving to be a solution to the hot and dry climate in Ampara as well as promising to be tsunami resistant.",3033,Kaliya - Zone 3,6.88054400,81.82709000,4
Lobster Man,Find Lobster man and get invited to his house to eat Lobster! 3 points.,3034,Kaliya - Zone 3,6.82758000,81.82926000,3
Urani Eco Centre,Visit the Urani Eco Centre and go on a Lagoon Safari with the local villagers.,3035,Kaliya - Zone 3,6.91963200,81.83658000,3
Muhudu Maha Vihara,"Although there are only remnants of the Muhudu Maha Viharaya today, it was in its past a place of legend. It is said that this was where Princess Devi landed after having been cast out to sea. Later she would marry King Kavantissa.",3036,Kaliya - Zone 3,6.86785300,81.83892000,2
Muhudu Maha Viharaya,"Built nearly 2000 years ago to celebrate the landing of Queen Vihara Maha Devi, the wife of King Kawantissa, the ruler of Rohana and the mother of King Dutugamunu, and the hero of Mahavansa Chronicle, Muhudu Maha Viharaya, the Temple by the Sea, is just a stones throw away from the town of Pothuvil.Ã‚Â <br>Although the archeological evidence holds the temple to have been built in the fifth century AD by King Mahanama, the legend holds that the temple, also known as the Samudra Maha Vihara, is to be the placed where the storm tossed Princess Devi within the Ruhuna Kingdom. According to a stone inscription that was found in the vicinity of the shrine, it had also been called the Ruhunu Maha Viharaya in the days gone by.",3037,Kaliya - Zone 3,6.86785300,81.83892000,2
Tuktuk Power Up Point!,"For centuries this point has been the place where heroes of Ceylon came to power up their tuktuk (the real one) and their tuktuk idol.

Drive to the end, park your tuktuk, place your idol tuktuk on the rood and make the most amazing photo you have ever made!",3038,Kaliya - Zone 3,5.97429780,80.73414804,5
Sittamgallena Raja Maha Viharaya,Visit this anciet cave temple,3039,Kaliya - Zone 3,6.22019070,80.63301900,5
Kaliya's Birth Tree,"Under the ancient canopy of Kaliya's Birth Tree, legends whisper of a unique leaf, a symbol of Kaliya's essence. Embark on a quest to find this leaf, a testament to Kaliya's legacy. Once found, capture a moment with the leaf, letting the majestic tree stand tall in the backdrop.",3039,Kaliya - Zone 3,6.02661900,80.79496340,5
Rock Outcrop,"According to folklore, the Rock Outcrop is said to be guarded by Kaliya, a mythical serpent known for its fierce nature. Stories tell of how it once terrorized nearby villages, poisoning rivers and frightening the locals. To protect the land, brave heroes of legend confronted Kaliya, ultimately subduing the creature and transforming it into a guardian spirit of the region.

Now it's your job to confront Kaliya. Hike the rock and let Kaliya know how strong you are. Strike a pose where you show your muscles.",3040,Kaliya - Zone 3,6.09293390,80.98940900,2
Sapugaharoda Ella Falls,"Sapugaharoda Ella Falls is one of the few waterfalls in the Hambantota district of Sri Lanka. But it is 25 high and receives many visitors both local and foreign due to a hotel being near and a ledge having been made across the pool at the bottom of the falls, allowing easier bathing.",3041,Kaliya - Zone 3,6.24156530,80.64575300,3
Wewrukannala Buduraja Mahaviharaya,"15 miles east of Matara is the town of Dikwella, where there is one of the most amazing Buddhist temples in Sri Lanka. The Wewurukannala Vihara temple is dominated by an image of a seated Buddha. It is 160ft high, the largest statue in all of Sri Lanka and dates back to the time of King Rajadhi (1782 – 1798).

The temple has three parts, the oldest being about 250 years old; however this is of no particular interest. The next part has life size models of demons and sinners shown in graphic detail. If you don’t follow the path to enlightenment this is what happens to you. Punishments include being drowned in boiling cauldrons, sawn in half, disemboweled and so on. Finally there is the enormous seated Buddha that is as high as an eight-storied building.",3042,Kaliya - Zone 3,5.97680610,80.69909000,1
Skatepark,Try to ride a skateboard on the ramp and take a video.,3043,Kaliya - Zone 3,5.96310200,80.69962300,3
Swim,Go for a swim in Hiriketiya!,3044,Kaliya - Zone 3,5.96246558,80.70691083,5
Mulgirigala Raja Maha Viharaya,"Climb to the top! Popular ancient Buddhist cave temple built on a massive rock. Due to its resemblences with Sigiriya, some people refer to this temple site as 'Little Sigiriya'. The Mulkirigala caves have a mixture of religious and secular(non-religious) paintings and sculptures with several reclining Buddhas, including 15 metre long sculptures of the dying Buddha. It's a climb of 500 steps to reach the temple",3045,Kaliya - Zone 3,6.12246780,80.73821800,5
Hummanaya Blow Hole,"Take a photo of the blow hole, when it blows!",3046,Kaliya - Zone 3,5.97759670,80.73862500,3
Panamure Ath Gala (Panamure Elephant Kraal),Visit Sri Lanka's last Elephant Kraal.,3047,Kaliya - Zone 3,6.35573920,80.76033000,3
Local Park,Make a local friend at the park. Share the picture (and the story).,3048,Kaliya - Zone 3,6.17964600,80.76408200,4
Walalgoda Tempita Viharaya,"Walalgoda Purana Tampita Viharaya is one of the few Tampita Temples surviving today. The unique feature of the Tampita Viharaya is that the image house is built above the ground level. Some temple have been built on top of stone columns and some on wooden columns.

In addition to being a Tampita Viharaya this temple is well known for its Kandyan Era murals which cover the walls. Though this temple has been in existence since ancient times the current temple has been built in the 16th century during the Kandyan Kingdom, specifically 37th year of the Sri Wickrama Rajasinhe’s rule.  According to a document in the temple, it has been built for a Upali Thero from Thailand by Alahakoon Muniyanse and Wijayakoon Mudiyanse who has also donated a large amount of land to the temple for its maintenance.",3049,Kaliya - Zone 3,6.33427520,80.76751200,1
Beach Break,Take a break and have a swim!,3050,Kaliya - Zone 3,6.00475380,80.76818500,2
Ranchamadama Historical Settlement,Find the canoes.,3051,Kaliya - Zone 3,6.37058930,80.78291300,3
Island Temple,Go on a photo with a rondom stranger and make it look like he is your favourite famous actor/athlete .,3052,Kaliya - Zone 3,6.01788840,80.79201700,3
Turtle Nest,Release some turtles into the sea!,3053,Kaliya - Zone 3,6.04642460,80.85407300,4
Turtle Watch Rekawa,"Visit turtle watch Rekawa. Best time to visit Between 7 pm & 3 am when Sea Turtles come ashore to nest.
 Entrance fee:Rs.500",3054,Kaliya - Zone 3,6.04630840,80.85571600,3
Turtle Point,Take a photo on the rocks at turtle point.,3055,Kaliya - Zone 3,6.04435900,80.86084500,2
Rice Farmers,Get a photo with a rice farmer in the fields (don't cut yourself).,3056,Kaliya - Zone 3,6.10457000,80.87595400,3
Agro Technology Park,"Agro Technology Park in Bata Atha (Bata Atha Farm) is located in the Hungama Batatha area in the Hambantota District in the Southern Province, this is another wonderful creation that has attracted local and foreign tourists. It is a kind of farm owned by the Department of Agriculture. But this is an open place for tourists from outside. ",3057,Kaliya - Zone 3,6.10250990,80.90563300,3
Kalametiya Eco Bird Watching,"Kalametiya Bird sanctuary is a one of oldest and main sanctuary in Srilanka. Kalametiya bird sanctuary records over 150 species of birds which 54 are migratory. The bird sanctuary is situated in Hambantota district, 20 Km away from the Tangalle city and in the picturesque Kalametiya lagoon.",3058,Kaliya - Zone 3,6.07974600,80.93010200,3